,Unnamed: 0,PROLIFIC_PID,multipleEthic,openQuestion_Ethic,openQuestion_Ethic_translated,sentimentVadder,sentimentVadderPolarityScore
0,1,74a68139f47c12e308707879cc04ea66490e6065b8dfe8b66779afec5325d63d,autonom \ ökologisch \ umweltschädlich,"Die Umwelt betrifft alle Menschen und das Schädigen der Umwelt kann Menschen direkt beeinflussen; Autonomie kann auch schlecht für Menschen sein, falls die Maschine z.B. bei der Rettung andere bevorzugt oder falls Autonomie gänzlich versagt","The environment affects all people and harming the environment can directly affect people; autonomy can also be bad for people, for example, if the machine prefers others during rescue operations or if autonomy completely fails.",Negative,-0.7841
1,2,40889123aede55f7b53e4bfb2a46fe17895930e0a57a3cf979d5cc2cca233d40,autonom \ intelligent \ Insekten ähnlich,autonome und inteligente lebensähnliche Eigenschaften klingen erstmal unmoralisch aus.,Autonomous and intelligent life-like characteristics initially sound immoral.,Neutral,0.0
2,3,1773928d64c86ff64d4610e62c96a8cce54e7dd00b8b68656de16848766d5aaa,umweltfreundlich \ nachhaltig \ umweltschädlich,Es ist unsere moralische Pflicht das Ökosystem für nachfolgende Generationen zu erhalten.,It is our moral duty to preserve the ecosystem for future generations.,Neutral,0.0
3,4,66ab847648c84da26f69f4f5b2f7373a2ae87dc487a63e37e75b216421c751c4,energieeffizient \ umweltfreundlich \ nachhaltig,"Ähnlich wie es aus dem Beispiel oben dargestellt wurde, ist es mir wichtig, das bei dem Materialsystem nichts zu schaden kommt. Deswegen sind mir die nachhaltigen Optionen am wichtigsten.","As illustrated in the example above, it is important to me that the material system is not damaged. Therefore, sustainable options are most important to me.",Positive,0.6484
4,5,b13bbac8b086f98cd9ed9c97d9e7a2fc9091563bfba9aa78026a0c446ff4e92b,energieeffizient \ umweltfreundlich \ wartungsfrei,Umweltfreundlich ist hier ein großes Thema in der Region und daher wenn man den Menschen etwas anbietet was wenig oder sehr effizient die Energie nutzt plus wartungsfrei also ohne große Folgekosten könnte man so am besten viele erreichen,"Being environmentally friendly is a major topic in the region and therefore offering people something that uses little or very efficiently uses energy, plus is maintenance-free, i.e., without major follow-up costs, could be the best way to reach many.",Positive,0.9117
5,6,46861bf8e9008ca1313b0bbc49bb3bf3ca7c1db63be4e9ef0b44f146947231df,autonom \ lebensähnlich \ reaktionsfähig,"Ich bin mir nicht sicher, ob es gut ist das es von selbst handeln und reagieren kann",I am not sure if it is good that it can act and react on its own.,Positive,0.2354
6,7,59994ec69b61ffdb4c4d881a3d7b15d65bdd82d89b5a78a529efb89ba85ebe8a,ökologisch \ umweltfreundlich \ nachhaltig,Man sollte immer bedenken das wir nicht die letzte Generation von Menschen auf der Erde sind. Daher sind umweltfreundliche und nachhaltige Produkte zukünftig sehr wichtig.,"One should always remember that we are not the last generation of humans on Earth. Therefore, environmentally friendly and sustainable products are very important for the future.",Positive,0.6478
7,8,56a74a9c9ca121ccf8ec0d68cd4613e057fb3fff6e223d64eb3f0a08f1c26fa3,ökologisch \ umweltfreundlich \ nachhaltig,"Moralisch gesehen, sollten wir uns bei einem Materialsystem immer bewusst sein, welche Auswirkung dieses auf die Umwelt hat. ","Morally speaking, we should always be aware of the impact a material system has on the environment.",Neutral,0.0
8,9,ca729f9843a69140387d5054360a70903ac203067e2f70f7d2c77eaabfce01eb,ökologisch \ umweltfreundlich \ nachhaltig,"Wir leben bereits in einer Welt, in der Müll bzw. dessen Entsorgung eine zentrale Herausforderung ist. Da wir nur begrenzte Mittel haben und die Umwelt unter unserem Handeln leidet, ist es ethisch relevant, sich für nachhaltige Lösungen einzusetzen. Dies sichert die Zukunft nachfolgender Generationen.","We already live in a world where waste and its disposal pose a central challenge. Given our limited resources and the environmental degradation caused by our actions, it is ethically relevant to commit to sustainable solutions. This secures the future for subsequent generations.",Negative,-0.3127
9,10,d45a20bd7dd91e466b16ce114b51bf00ed575383bf701fe33d6d705e280f9b1d,umweltfreundlich \ nachhaltig \ langlebig,"Ich bin der Meinung, dass es wichtig ist, zukunftsorientiert zu agieren, wenn es um neue Erfindungen geht. Also etwas, dass wenig Schaden verursacht, lange nutzbar ist, und nach ende seines Lebenszyklus leicht abgearbeitet oder wiederverwertet werden kann.","I believe it is important to act with a future-oriented approach when it comes to new inventions. So something that causes little damage, is usable for a long time, and can be easily recycled or reused at the end of its life cycle.",Positive,0.0754
10,11,96e2a51cad3421005f6f51e9c37dcc859bd257b5ac88ff30d2fc2478755f9839,umweltfreundlich \ nachhaltig \ langlebig,"Aus moralischer Sicht ist es in Verantwortung für den Planeten und für künftige Generationen wichtig, dass neue Materialsysteme nachhaltig und umweltfreundlich sind. Das sind sie oft nur, wenn sie auch langlebig sind.","From a moral standpoint, it is our responsibility to ensure that new material systems are sustainable and environmentally friendly for the planet and future generations. Often they are only so if they are also durable.",Positive,0.7003
11,12,037c91c6e90791a38030e00dd46d278f66d627a3c2ee3d23732599ec3121c4da,ökologisch \ energieeffizient \ umweltfreundlich,"In den letzten Jahren wird der Klimawandeln und die Auswirkungen des Handelns der Menschen auf die Umwelt zentrales Thema vieler Diskussionen. Aber wie sollten unser Handeln optimalerweise sein? Die Antwort: ökologisch, energieeffizient und insbesondere umweltfreundlich. Das Fördern von umweltunfreundlichen Methoden oder Traditionen tritt sehr besonders oft in einen moralischen Konflikt.","In recent years, climate change and the impact of human actions on the environment have become central topics of many discussions. But what should our actions ideally be like? The answer: ecological, energy-efficient, and especially environmentally friendly. Promoting environmentally unfriendly methods or traditions often leads to a moral conflict.",Positive,0.8783
12,13,7573509e0eb49185e024e1bd1fe58b5d617d6d8beab789631d9b92e4df5d2359,bioinspiriert \ enthält Kunststoff \ Insekten ähnlich,Die drei Begriffe haben für mich die größte Beziehung zur Ethik,These three terms have the greatest connection to ethics for me ,Positive,0.6369
13,14,d58a9defe81dcd307fc24ef66748d95e95438ada58d3f92284b19cafc4c10768,energieeffizient \ umweltfreundlich \ nachhaltig,weil wir die Verpflichtung haben den Klimawandel zu bekämpfen,because we have the obligation to combat climate change.,Negative,-0.34
14,15,e043fed121563197ce6bba1db36f047bf408adc94be55b71d34c5c308611d20e,ökologisch \ umweltfreundlich \ nachhaltig,In der heutigen Zeit ist es so wichtig wie nie neue Technologien zu Entwickeln die Nachhaltig sind. Dies sollte aus moralischer sicht an erster Stelle stehen. ,"In today's world, it is more important than ever to develop new technologies that are sustainable. This should be of foremost moral concern.",Positive,0.2716
15,16,93773a5f52b11d5de9227c2fbba6b03357dcdc8dad15e52392d62419e8687662,ökologisch \ umweltfreundlich \ nachhaltig,"In einer progressiven Gesellschaft, die nicht durch irgendwelche Halluzinationen oder Wahnvorstellungen offensichtliche Erkenntnisse leugnet, sind dies wichtige Maxime, an denen wir unseren Fortschritt als Menschheit orientieren sollten.","In a progressive society, one that does not deny obvious insights through hallucinations or delusions, these are important maxims by which we should orient our progress as humanity.",Positive,0.6844
16,17,3a19371d7f48d925c63d2ea75921313996cef29b8e30ba7a3e47ea8a7d9801a8,ökologisch \ nachhaltig \ umweltschädlich,"Versuchung gewisser Optimierungen oder Verbesserungen könnte zu langfristig negativen Folgen führen, daher ist es ""ethisch relevant"", darauf zu achten, dass bei diesen Fortschritten auch immer an die Umwelt und Nachhaltigkeit gedacht wird.","The temptation for certain optimizations or improvements could lead to long-term negative consequences, therefore, it is ""ethically relevant"" to ensure that these advancements always consider the environment and sustainability.",Positive,0.4939
17,18,4df0175c569d82460667274f39b1f929fd0c23741a5fd05c618b6d5f96339de3,selbstreparierend \ nachhaltig \ langlebig,"Materialien die selbstreparierend sind reduzieren den bedarf an Ersatzteilen und die Notwendigkeit ressourcen für reparaturen aufzuwenden. Das heißt verringerung von Abfall und Ressourcenverschwendung.
Nachhaltige Materialien werden ressourcenschonen hergestellt und haben eine geringere Umweltbelastung in ihrer Lebensdauer.
Langlebige Materialien halten länger und reduzieren somit den bedarf am häufigen Ersatz oder Neuschaffung. Das fördert eine kultur der wertschätzung und Pflege vonGegenständen.","Materials that are self-repairing reduce the need for spare parts and the necessity to use resources for repairs. This means a reduction of waste and resource waste.

Sustainable materials are produced with resource conservation and have a lower environmental impact during their lifetime.

Durable materials last longer and thus reduce the need for frequent replacement or new creation. This promotes a culture of appreciation and care for objects.",Positive,0.5499
18,19,a5987cab806cfd7edbe82b14fe13be754c65308b166a1ff6f1140fe09ea5cc3b,umweltfreundlich \ nachhaltig \ umweltschädlich,Bei den Begriffen geht es um die Umwelt bzw. Umweltschutz. Das ist für mich moralisch relevant. Die anderen Eigenschaften sind für mich nicht moralisch relevant.,"In terms of the concepts, it's about the environment or environmental protection. This is morally relevant to me. The other characteristics are not morally relevant to me.",Neutral,0.0
19,20,ae61f143fcb4a5a1c8084915da8a6954b4e391c8373428627083e6a88f59c29f,ökologisch \ umweltfreundlich \ nachhaltig,"Diese Begriffe beschreiben was ein ideales Material haben soll, um die Umwelt zu schützen. ",These terms describe what an ideal material should have to protect the environment.,Positive,0.7184
20,21,afa2488deee4066b2358fb4141504c463ff23600ed31613bd34051977d7b6af9,energieeffizient \ umweltfreundlich \ nachhaltig,Alle 3 Begriffe beschäftigen sich damit dass unsere Umwelt nicht(oder möglichst wenig) belastet wird.,All 3 terms are concerned with ensuring our environment is not (or as little as possible) burdened.,Negative,-0.0865
21,22,8a61c658ff2a62de8cca2b1c8b148fac381f4c9a559aaf0a6cf3db5d738f9832,ökologisch \ umweltfreundlich \ umweltschädlich,Der Umweltschutz ist ein wichtiges Thema auch an folgende Generationen gedacht.,Environmental protection is an important issue also for future generations.,Positive,0.2023
22,23,a09dfbc03132355912b3fcc818aeb293c43579fbc66379f1cac657b25a616d48,autonom \ umweltfreundlich \ nachhaltig,"Man sollte danach streben umweltfreundliche nachhaltige Produkte zu erschaffen; Bei dem wort autonom bin ich mir nicht sicher wie ich das im Bezug auf Materialien verstehen soll. Wenn man dies als ""außer Kontrolle"" oder ""nicht beeinflussbar"" versteht sollte man dies vermeiden","One should strive to create environmentally friendly sustainable products; I am not sure how to understand the word autonomous in relation to materials. If this is understood as ""out of control"" or ""uninfluenced,"" it should be avoided",Positive,0.2354
23,24,9df3b4d2488f4e7f63029f20326ae70df53dcaaa06f44a4a434677dbf41b8aab,ökologisch \ umweltfreundlich \ selbstheilend,Diese begriffe beschreiben am Besten was gut für die Natur ist.,These terms best describe what is good for nature.,Positive,0.7964
24,25,deb9a9bf3fb4ad85cdb10dae738621a8724a9bd44a3d706393e7e03bb443a66f,intelligent \ wartungsfrei \ Energie generierend,Eine einfach zu verstehende Lösung die kaum Aufmerksamkeit benötigt ist natürlich am wichtigsten. Energie generieren wäre dabei noch optimal um andere umweltschädigende Alternativen zu minimieren.,An easy-to-understand solution that requires little attention is naturally most important. Generating energy would also be optimal to minimize other environmentally damaging alternatives.,Positive,0.6068
25,26,880046c97deb93858825a6fe40f1a6ca4a41141c08b9f0c04573fd8ded7ce4fd,energieeffizient \ umweltfreundlich \ zuverlässig,"Gerade in der heutigen Zeit finde ich energieeffizienz und umweltvreundlichkeit sehr wichtig, sowie die Zuverlässigkeit von Systemen.","In today's world, I find energy efficiency and environmental friendliness very important, as well as the reliability of systems.",Positive,0.8766
26,27,16fe29ddf614f7b02b3be2a11d04547558cc8b485aec3d1b25263dc560dece68,ökologisch \ umweltfreundlich \ zuverlässig,Das neue Produkt muss umweltfreundlich sein und natürlich den Zweck erfüllen.,The new product must be environmentally friendly and naturally fulfill its purpose.,Positive,0.7269
27,28,2eb03cdee5b69db573f5d78ea0c20fb1f07158307f758043d0cb03cfcbdd00a7,ökologisch \ umweltfreundlich \ nachhaltig,"Um den Menschen und der Natur gutes zu tun, sollte nie etwas Umweltschädlich sein, da nicht nur die Natur leidet, sondern mit der Zeit auch die Menschen, die in ihr Leben. Wie auch den Menschen, ist es moralisch verwerflich Tieren das Leben zu erschweren.","To do good to humans and nature, nothing should be environmentally harmful, as not only nature suffers, but over time so do the people who live in it. Like humans, it is morally reprehensible to make life difficult for animals.",Positive,0.4073
28,29,15cdf332b90e3b13126fb1e09f2a7e7c4a56465e8c0f57db4046dd499f4e7b7d,autonom \ ökologisch \ Energie generierend,"ökologisch: dass es nicht Unmengen an CO2 etc. erzeugt werden
Energie generierend: solange man es kontrollieren kann noch gut und solange es nicht zu ner großen Waffe umgebaut werden kann.
autonom: verbunden mit ""Energie generierend"" wenn ein menschlicher Eingriff um schlimmeres zu verhindern nicht mehr hilft ist es durchaus destruktives Material. ","ecological: that it does not produce huge amounts of CO2 etc.

Energy generating: as long as it can be controlled still good and as long as it can't be turned into a big weapon.

autonomous: connected with ""energy generating"" if human intervention to prevent worse does not help it is quite destructive material. ",Negative,-0.7659
29,30,af6898296ccb509d2fe0f8aa62e733a174647b25adbf80c88156063a1a9d605c,umweltfreundlich \ wartungsfrei \ langlebig,"In der heutigen Zeit müssen neue Materialien zwingend umweltfreundlich sein. Wenn ein Material langlebig ist, muss es nicht so schnell entsorgt werden und es fällt für die Herstellung entsprechend weniger Rohstoff an. Wenn ein Material wartungsfrei ist, ist dies ein entscheidender Vorteil, weil keine Kapazitäten und keine Kosten für die Instandhaltung aufgebracht werden müssen.","In today's time, new materials must necessarily be environmentally friendly. If a material is durable, it does not have to be disposed of so quickly, and accordingly, fewer raw materials are needed for its production. If a material is maintenance-free, this is a decisive advantage because no capacities and no costs for maintenance have to be incurred.",Positive,0.4019
30,31,72dc4685fa8a728bde538ea48d45137ee8733e413fec61c6344698ff41830e53,ökologisch \ umweltfreundlich \ nachhaltig,Ich finde die Begriffe beschreiben am Besteb die ethische und soziale Verantwortung gegenüber der Umwelt und nachfolgenden Generationen hat,I think the terms describe best the ethical and social responsibility towards the environment and future generations,Positive,0.8176
31,32,719f38b7c873e84037508888e298b6b920c26c906c29123ae468a656a74c6441,aktive Verhaltensänderung durch Umwelteinwirkung \ passive Verhaltensänderung durch Umwelteinwirkung \ selbstheilend,"die Verhaltensänderung war der Punkt wo ich überlegt habe, ob es okay ist, denn für manche ist ein Verhalten richtig, für andere wieder nicht, die Verhaltensänderung muss mit Richtlinien untermauert werden, denn es kann schnell auch in die Gesellschaftlich falsche Richtung laufen, wobei ich die aktive Verhaltensänderung eher die sehe, dass der Materialbenutzet selbst entscheidet und bei der passiven das er von sich aus geschieht und man das gar nicht beeinflussen kann, daher habe ich die auch unterschiedlich positiv und negativ bewertet, selbstheilend ist was schön und was gutes, was sich andere auch wünschen, aber wenn dann Menschen auf Technologien neidisch sind, haben wir eine ethische Fragestellung, die man dann aufbeantworten muss, weil dann fragt man sich: Ist das nicht auch bei mir möglich, ist das Material etwa besser als ich?","the change in behavior was the point where I considered whether it is okay because for some a behavior is right, for others again not, the change in behavior must be underpinned with guidelines, because it can quickly also run in the societally wrong direction, whereas I see the active change in behavior rather that the material user decides himself and with the passive that it happens by itself and one cannot influence it at all, therefore I have also rated them differently positive and negative, self-healing is something nice and something good, which others also wish for, but if then people are envious of technologies, we have an ethical question, which one then has to answer, because then one asks oneself: Is this not also possible with me, is the material perhaps better than me?",Positive,0.899
32,33,6fe4fab93b2e96cc1060ddf173f8e338a33e2c99471c3c424c848f6305d30184,haltbar \ selbstheilend \ Energie generierend,"haltbar und selbstheilend bedeutet weniger müll, kosteneffizienz und
energie generierend beudeutet man kann dem klimawandel entgegen wirken, indem man auf altmodische energiegewinnung verzichten könnte","durable and self-healing means less waste, cost efficiency and

energy generating means one can counteract climate change by avoiding traditional energy production",Positive,0.1354
33,34,e3c0d96a77ccca50261360187077b0a6b756a9a62e587f6805467c9bc69187a4,ökologisch \ intelligent \ lebensähnlich,"Von den Begriffen die gegeben sind denke ich das diese 3 am ehesten dafür geeignet sind.
Der Rest der Begriffe ist denke ich nicht wirklich ethisch relevant.","From the terms given I think these 3 are most suitable for it.

The rest of the terms I think are not really ethically relevant.",Neutral,0.0
34,35,7157ad33d28b7f3b5fa8503fbe19e2167e64e0286f5a027bfabc56dcca16c736,umweltfreundlich \ lebensähnlich \ zuverlässig,"Ethisch ist es am wichtigsten, dass wir unseren Planeten nicht weiter ausbeuten und umweltfreundlicher leben. Zum Anderen möchten wir mit dem neuen Materialsystem natürlich auch niemanden in Gefahr bringen und immer Sicherheit liefern.","Ethically it is most important that we do not further exploit our planet and live more environmentally friendly. On the other hand, we also want to ensure safety with the new material system and always deliver safety.",Positive,0.9483
35,36,9c1f5eaeab49b2418dd0baa52dce160856bf30d2ce365ab91ab55c44f6572228,ökologisch \ nachhaltig \ umweltschädlich,"Es ist wichtig ökologisch und nachhaltig zu sein, wenn man neue Materialsysteme erstellt und man sollte natürlich Umweltschäden so weit wie möglich gering halten. ",It is important to be ecological and sustainable when creating new material systems and of course to keep environmental damage as low as possible.,Negative,-0.3182
36,37,d5bf4dc2bec3ba7a6152fed8ec0d9afb449d9eda85a885cae709182b94f1768e,ökologisch \ elektronikfrei \ energieautonom,Ich denke es sollte nicht zu lasten der Umwelt gehen ,I think it should not come at the expense of the environment,Neutral,0.0
37,38,486ae4bf01291de032ca77152245ef2e3ad03e98dc68e2d866d529b196656a93,haltbar \ ökologisch \ energieeffizient,Dies sind die wohl relevantesten Eigenschaften um den oekologischen Schaden zu minimieren und das Klima zu schuetzen.,These are probably the most relevant characteristics to minimize ecological damage and protect the climate.,Negative,-0.1531
38,39,43af902b8d36ed66324a3cd8aa9e4452573a15405f8664a6546971b1ef725613,ökologisch \ energieeffizient \ umweltfreundlich,"Ökologisch, Umweltfreundlich und Energieefizient sind im Prinzip alles ""identische"" Begriffe im Sinne, dass sie mehr oder weniger Synonym zueinander stehen. Sie sind ethisch relevant, da sie in der aktuellen Zeit höchst wichtig sind einzuhalten, um unseren zukünftigen Nachkommen eine gute, wohltuende Welt hinterlassen können.","Ecological, Environmentally Friendly, and Energy Efficient are basically all ""identical"" terms in the sense that they are more or less synonyms for each other. They are ethically relevant because they are extremely important to uphold in today's time to leave a good, nurturing world for our future descendants.",Positive,0.9312
39,40,515bb8f3339f38ce6c7786281a4408ca78fccf994906ba754c6fb30e5c709194,ökologisch \ umweltfreundlich \ nachhaltig,Aufgrund des Klimawandels ist die ökologische Zukunft unseres Planeten ethisch sehr relevant für zukünftige Generationen,"Due to climate change, the ecological future of our planet is ethically very relevant for future generations",Neutral,0.0
40,41,f1ac4e67be87dd0c2578cd88e3ab6af4968b86bcca3fb1ca633c959467751c4c,haltbar \ energieeffizient \ wartungsfrei,Weniger Reparatur und Wartung ist automatisch Energieeffizient und ein Bestreben alles lebenden. Die Natur wird schon gewusst haben warum.,Less repair and maintenance is automatically energy efficient and an aspiration for all living beings. Nature will have known why.,Positive,0.5994
41,42,5f39cda79cefc85e2de2a3a5178a4c3a8a1af8550d6afc769fd480b79d5ed69d,umweltfreundlich \ selbstheilend \ nachhaltig,"Nachhaltigkeit und Umweltfreundlichkeit sind für die Zukunft der Menschheit kein Luxus-Themen mehr, deshalb gehören sie aus meiner Siche zu den ethisch-relevanten Themen/Begriffen","Sustainability and environmental friendliness are no longer luxury topics for the future of humanity, therefore they belong to the ethically relevant topics/terms from my point of view",Positive,0.2023
42,43,9bcb59f9adc735cbfb68a5278026b0bc28d4e4c1d5b831fe29b648d457224821,ökologisch \ energieeffizient \ robust,"Nachhaltigkeit für zukünftige Generationen, kein schneller Austausch von Materialien","Sustainability for future generations, no rapid replacement of materials",Negative,-0.296
43,44,7ab704e571906d9ed1f08160fc0aba9bd4afc68d7e36e2a5e26589fc6eefe692,bioinspiriert \ energieeffizient \ umweltfreundlich,Die Herstellung dieser Materialien versprechen dass die Natur in Vordergrund gestellt wird und somit das Ökosystem auch für den Menschen gewährleistet ist.,The production of these materials promises that nature is put in the foreground and thus the ecosystem is also ensured for humans.,Positive,0.3818
44,45,8c1125471c85e755b013881e06d8e31aa5b09d93fa47617a9a3985b99caa6f18,umweltfreundlich \ nachhaltig \ umweltschädlich,"Ich habe Begriffe gewählt, die die Auswirkungen des Materialsystems auf die Umwelt beschreiben, da diese die größten Auswirkungen auf die Gesellschaft insgesamt haben.","I have chosen terms that describe the effects of the material system on the environment, as these have the greatest impact on society as a whole.",Positive,0.6369
45,46,aa5e8e382126c1f6f36bdb593f4425fb74e368330d85f34e2a5a3f601bd78103,haltbar \ ökologisch \ energieeffizient,"Haltbar, da es ja ein Bau ist der den Menschen eine Zeit lang helfen soll und nicht nur einen Augenblick.","Durable, since it is a construction that should help people for a while and not just a moment.",Positive,0.4019
46,47,7e3173623dbe05e5980c0263d2ad9dbd1b11e3d5d698cfe29288c585ebb3ce5a,umweltfreundlich \ lebensähnlich \ nachhaltig,"Alle drei Begriffe sind sowohl auf den Menschen auch auf Tiere anwendbar, sind wechselseitig und bedingen sich ","All three terms are applicable to both humans and animals, are mutually inclusive and conditional",Neutral,0.0
47,48,ab68bca85f2ed7cb84d85081ea2c3036e5087fc13e5ec227ba8b549f1c7bb012,ökologisch \ umweltfreundlich \ nachhaltig,"Diese Begriffe finde ich ethisch relevantesten, da sie die Verantwortung unserer Generation zum nachhaltigen Handeln/Entwickeln nachhaltiger Technologien widerspiegeln und damit zum Erhalt der Lebensgrundlage zukünftiger Generationen wichtig sind",These terms I find ethically most relevant because they reflect the responsibility of our generation to act sustainably/develop sustainable technologies and thus to preserve the basis of life for future generations,Neutral,0.0
48,49,60c198ef0f8f152d43254ed0d571e8a1d7516841f4776bd76100157aa47acb62,energieeffizient \ umweltfreundlich \ nachhaltig,"damit die Natur noch lange lebt , und wir alle noch was von unserer Erde haben. Fortschritt ist sehr wichtig aber nachhaltigkeit auch.","so that nature lives long, and we all still have something from our earth. Progress is very important but so is sustainability.",Positive,0.3499
49,50,bef5752dd31c0a1845c19f0fc786f2137d2fd098a2d3eb405bbad65ca852d893,ökologisch \ energieeffizient \ nachhaltig,"Weil eine nachhaltige Welt, die einzige Welt ist, in der die Menschen auf langer Sicht noch leben können. Deshalb ist es wichtig für uns auf nachhaltigkeit zu achten","Because a sustainable world is the only world in which people can live in the long run. Therefore, it is important for us to pay attention to sustainability",Positive,0.1027
50,51,436677bc138eb5cf6205dd254a99fdf591a6631acb0984d4ad4e2f49f5cacad7,umweltfreundlich \ nachhaltig \ langlebig,"Es ist wichtig, dass wir mit dem Materialsystem weder uns noch der Umwelt dauerhaft schaden, da jeder von uns gemeinsam in einem Ökosystem leben muss","It is important that we neither harm ourselves nor the environment with the material system, as each of us must live together in an ecosystem",Positive,0.5647
51,52,05353b23737e53b4bd79687da5a193533005543ba24da3fd7c464d4810c57593,umweltfreundlich \ nachhaltig \ langlebig,"Konsumgesellschaft ist schädlich für unsere Erde. Wenn Leute nicht ständig neue Dinge kaufen müssten, i.e. wenn alte Dinge länger halten würden, wäre dies ein wichtiger Schritt in die richtige Richtung. Produkte aus dem 20. Jahrhundert waren qualitativ langlebiger als heutzutage, was anzeigt, dass etwas in den Prioritäten neuerer Technologien und Produktionen nicht stimmt.","Consumer society is harmful to our earth. If people did not have to constantly buy new things, i.e., if old things would last longer, this would be an important step in the right direction. Products from the 20th century were more durable than today, indicating that something in the priorities of newer technologies and productions is not right.",Positive,0.2023
52,53,6597148ccc60cd7fd7ea51e65f2584c0cd834122f4e36dd32297dde03d5ef430,umweltfreundlich \ nachhaltig \ umweltschädlich,"Eins der größten Probleme auf der Welt aktuell ist definitiv der Umgang mit der Umwelt bzw. der Klimawandel, weswegen ich die 3 Begriffe gewählt habe, die am meisten mit diesem Thema zu tun haben.","One of the biggest problems in the world today is definitely the handling of the environment and climate change, which is why I chose the 3 terms that have the most to do with this topic.",Neutral,0.0
53,54,7e1bf310c4d449501e822f804eb450201508bbf8583642e8960204667af475d5,haltbar \ ökologisch \ umweltfreundlich,"Es ist wichtig, die Natur nicht weiter zu belasten und sie lediglich ihrer Ressourcen zu berauben",It is important not to further burden nature and merely rob it of its resources,Negative,-0.1012
54,55,943729b1d3028a5ac14f1bfa14121b083aa13faaa04022c3542888068561b7cd,bioinspiriert \ ökologisch \ umweltfreundlich,"Es ist ziemlich wichtig, Umwelt zu schützen.",It is quite important to protect the environment.,Positive,0.6068
55,56,4edd4df5700500328d6b9aa1ce7426426a6f2cb18b5565a106c96e5d089e0301,ökologisch \ umweltfreundlich \ nachhaltig,"Aus meiner Sicht sind diese Begriffe relevant, weil sie beinhalten, dass man die Umwelt und die Natur schützen muss, um einen gesunden Planeten für die nachfolgenden Generationen zu erhalten. Das ist aus meiner Sicht unsere moralische Pflicht.","From my point of view, these terms are relevant because they involve protecting the environment and nature in order to maintain a healthy planet for future generations. That is, from my point of view, our moral duty.",Positive,0.4019
56,57,f38e221d6be399db9cdcf5bd44be96ea721e6e82dca30a9ac48f34275f00174d,ökologisch \ umweltfreundlich \ langlebig,weil sie alle dem umweltschutz dienen. und somit am nachhaltigsten für mensch und planet ist.,because they all serve environmental protection. and thus are most sustainable for people and the planet.,Neutral,0.0
57,58,87f08287222f5b958c498b5948ed49dfa49e2dc12bfd214c3892b8868282d383,intelligent \ lebensähnlich \ nachhaltig,"Ich denke, dass Technologien, die als ""menschenähnlich"", also zum Beispiel als intelligent oder lebensähnlich, wahrgenommen werden, viele Menschen verunsichern, weil die Grenzen zwischen ""uns"" und dem, was wir materiell und intellektuell schaffen, verwischen. Das wirft Fragen darüber auf, wie solche Erfindungen ethisch zu betrachten sind - eher wie Dinge oder eher wie ""wir"". Nachhaltigkeit ist angesichts des Klimawandels auch von ethischer Bedeutung, da es darum geht, wie der Klimawandel noch verlangsamt oder zumindest seine Folgen abgeschwächt und ""fair"" verteilt werden können, sofern möglich, um unnötiges Leiden zu vermeiden.","I think that technologies perceived as ""human-like"", such as intelligent or life-like, unsettle many people because they blur the boundaries between ""us"" and what we materially and intellectually create. This raises questions about how such inventions are to be viewed ethically - more like things or more like ""us"". Sustainability is also ethically significant in the face of climate change, as it involves how climate change can still be slowed or at least its consequences mitigated and ""fairly"" distributed, if possible, to avoid unnecessary suffering.",Positive,0.8218
58,59,69a4ee929b3562a73717f75995e999b6140e102e0c3bea948cd9c2a9b7b55c3c,haltbar \ umweltfreundlich \ multifunktional,"eine Technologie ist sinnvoll und fair, wenn sie nicht nur ein Nieschenprodukt ist sondern die Entwicklung davon sich für viele Szenarien und Probleme anbietet. Außerdem sollte sie haltbar sein, damit sich das Kosten-Nutzen-Verhältnis entsprechend des Nutzens ausrichtet. Umwelt und Klimawandel werden immer größere Herausforderungen für die Zukunft, weswegen bei jeglichen Handlungen, Verhaltensweisen, Wirtschaft usw. IMMER ein umweltfreundliches Denken einbezogen werden sollte.","A technology is sensible and fair if it is not just a niche product but the development of it offers itself for many scenarios and problems. Moreover, it should be durable so that the cost-benefit ratio aligns with the benefits. Environment and climate change are becoming increasingly challenging for the future, which is why an environmentally friendly mindset should ALWAYS be involved in any actions, behaviors, economies, etc.",Positive,0.7717
59,60,4dafa1ad9e170461ddc1ad2629449230e57f10372db2dfbd5bb8128001682412,umweltfreundlich \ zuverlässig \ nachhaltig,"Die Auswahl der ethisch relevanten Begriffe bezieht sich auf Eigenschaften, die nicht nur einem Invidiuum sondern der ganzen Gesellschaft verhelfen sollen.",The selection of ethically relevant terms refers to characteristics that are intended to help not just an individual but the entire society.,Positive,0.2144
60,61,f80ba6cb8e63c40ef00a17b5d92af22d9e586bbae394978e40b84c9c9ec06c5b,energieeffizient \ umweltfreundlich \ nachhaltig,"Materialsysteme können nur ethisch sein, wenn z.B. die Umwelt nicht darunter leiden muss. Deshalb habe ich diese drei Begriffe gewählt.","Material systems can only be ethical if, for example, the environment does not suffer as a result. That's why I chose these three terms.",Positive,0.7311
61,62,d27cb852052569da196c648f5f3967a31662b69e10f7a3c7b60cb263cf48fab8,ökologisch \ energieeffizient \ umweltfreundlich,"Diese Begriffe sind ethisch am relevantesten, da bei jeder neuen Produktion von einem Produkt/ Material der Faktor Umwelt miteinbezogen werden sollte. ",These terms are ethically most relevant because in every new production of a product/material the environmental factor should be considered.,Neutral,0.0
62,63,55d93138d7d4db53ff644c05cb9eed304972036ff5c8d73c1d8ef09343322d9a,energieeffizient \ umweltfreundlich \ Energie generierend,"Ähnlich wie beim Beispiel des Menschen gilt meines Erachtens auch bei Materialien, dass ihre Verwendung und Produktion möglichst wenig Schaden vor allem in Bezug auf die Umwelt anrichten sollte.","Similar to the example of humans, I also believe that in the case of materials, their use and production should cause as little damage as possible, especially with regard to the environment.",Negative,-0.4417
63,64,4f695ce92934ff1d3756468332e26bd1b8e01293689447d41284417064cad2dd,umweltfreundlich \ nachhaltig \ Energie generierend,"(Neue) Technologien sollten den Planeten nicht enorm belasten, und z.B. nicht zu Umweltverschmutzung beitragen. Menschen sollten Verantwortung übernehmen, indem sie Technologien entwickeln die nachhaltig und nicht umweltschädlich sind. ","(New) technologies should not burden the planet enormously, e.g., not contribute to environmental pollution. People should take responsibility by developing technologies that are sustainable and not environmentally harmful.",Positive,0.3412
64,65,41fc5df571acd8924473e683d937debf5d5684c09df6f018307a7e4c8f6ed093,intelligent \ zuverlässig \ Energie generierend,Es geht um die Wirkung in der Gesellschaft. Sind sie zuverlässig z.B.? Das finde ich am wichtigsten.,"It's about the impact in society. Are they reliable, for example? That's what I find most important.",Positive,0.2716
65,66,10ecfe3ed4643271a0afd862e64fd8aab73361d98f4798eddbecececf4ba0aa4,ökologisch \ energieeffizient \ langlebig,"Mir ging um Umwelt und Resourcenschonende, dauerhafte Langzeitnutzung.","I was concerned with the environment and resource-conserving, long-term use.",Neutral,0.0
66,67,e040845e63e677663f52d249a14b6d40b7d403baaeeb703838994fd8c987d9a0,ökologisch \ energieeffizient \ nachhaltig,"Die Begriffe repräsentieren einen bewussten Blick in die Zukunft, zwecks einer längeren Einsatzzeit und Umwelteinflüsse des Produktes. Aufgrund des Klimawandels sind diese Begriffe moralisch die relevantesten.","The terms represent a conscious look into the future, with a view to a longer deployment time and environmental influences of the product. Due to climate change, these terms are the most morally relevant.",Neutral,0.0
67,68,1d4c9551f260369ff68801f466d76e64228bf309f36b12f9c991397f47ebd430,umweltfreundlich \ intelligent \ Energie generierend,"Ich denke, dass umweltfreundliche Eigenschaften ethisch relevant sind, weil diese vorteilhaft für den Lebensraum des Menschen und der Tiere sind. Intelligente Technologien sind ethisch relevant, weil sie dem Menschen geistige und körperliche Arbeit abnehmen können und so das Leben erleichtern. Energie generierende Technologien sind für das Wohlbefinden, die Sicherung von Wohlstand und den Fortschritt der Menschheit ebenfalls ethisch relevant.","I think that environmentally friendly characteristics are ethically relevant because they are advantageous for the living space of humans and animals. Intelligent technologies are ethically relevant because they can relieve humans of mental and physical work and thus make life easier. Energy-generating technologies are also ethically relevant for the well-being, security of prosperity, and progress of humanity.",Positive,0.9531
68,69,e8e2bbd590d2c8933701763ba2bff32b6e82779cdc96361f25182a7eb05f4f34,intelligent \ enthält Kunststoff \ leicht zerstörbar,"Es sollte nicht lebend sein, wenn es uns einen großen Nutzen als Material gibt. Selbst falls es lebend ist, sollte es nicht leicht zerstörbar sein, außerdem fördet etwas, dass nicht leicht zerstörbar ist, nachhaltigkeit. Kunststoff aufgrund der Ozeane.","It should not be alive if it gives us a great benefit as a material. Even if it is alive, it should not be easily destructible, and besides, something that is not easily destructible promotes sustainability. Plastic because of the oceans.",Positive,0.7669
69,70,6b76b602513639a3b6c480b8be80fb2938d55d889693c404aac3ed4c81e0e17a,energieautonom \ nachhaltig \ langlebig,"Aus moralischer Sicht ist es wichtig, Ressourcen und die Umwelt zu schonen. Das schaffen wir am Besten, in dem wir nachhaltige, langlebige Produkte bauen, die möglichst keine Energie verbrauchen.","From a moral standpoint, it is important to conserve resources and the environment. We achieve this best by building sustainable, durable products that consume as little energy as possible.",Positive,0.8228
70,71,11535e725e1245270ea420f082149cdba3356e8a23a768b60efb8bcd4009df0d,ökologisch \ umweltfreundlich \ nachhaltig,"Ich denke, die Ethik sollte vor allem unter dem Aspekt der Auswirkungen auf die Umwelt betrachtet werden. Sie sollte auch den Preis der neuen Materialien berücksichtigen, damit sie für alle zugänglich sind.",I think ethics should primarily be considered in terms of the environmental impact. It should also consider the price of the new materials so that they are accessible to everyone.,Neutral,0.0
71,72,9d8a6a35ebee8de82b74759ce4176781195080471b5dd03333c7a726d3aa9e11,umweltfreundlich \ nachhaltig \ langlebig,"Langelbige, nachhaltige und umweltfreundliche Materialsysteme sorgen für geringe Umweltbelastungen und schüzuen dadurch Lebewesen und biologische Lebewesen sowie Ressourcen","Durable, sustainable, and environmentally friendly material systems cause low environmental impacts and thus protect living beings and biological beings as well as resources.",Positive,0.7003
72,73,edf7c8bb6289d9c76cec3ba92abc5b3856acfc309e429e0e4ab8ccb1de23ccc4,energieeffizient \ umweltfreundlich \ nachhaltig,"Nachhaltig begrifft auch viele andere Begriffe, wie langlebig, ökologisch, potenziell multifunktional etc.","Sustainable also covers many other terms, such as durable, ecological, potentially multifunctional, etc.",Neutral,0.0
73,74,9050b7af3c9054fd1a1a5000fde3f738044fea90f657fac01beba0cb0b0e3244,haltbar \ ökologisch \ umweltfreundlich,Ich finde diese Begriffe passen am Besten zur Bedeutung von ethnischen Begriffen. Sie fassen dieses Thema ethisch zusammen und ermöglichen uns neuen Einblick in die Welt der Ethik.,I think these terms best fit the meaning of ethnic terms. They ethically summarize this topic and enable us new insights into the world of ethics.,Positive,0.7717
74,75,05a15d773a9d3c5bc3bf97d89af0b152597c85432f4b3c30293deef1c60d1a16,ökologisch \ umweltfreundlich \ nachhaltig,Um einen lebenswerten Planeten zu erhalten müssen wir in Zukunft zu 100% nachhaltig leben. Neue Systeme zu entwickeln die das nicht erfüllen ergibt keinen Sinn.,"To maintain a livable planet, we must live 100% sustainably in the future. Developing new systems that do not meet this makes no sense.",Negative,-0.296
75,76,13438ab6fc5706e5da2f7c23d608476c7183b26611d16e36f2a0818a089f71ec,energieeffizient \ umweltfreundlich \ zuverlässig,"Zuverlässigkeit ist von großer Bedeutung, da das Materialsystem auch funktionieren soll, Umweltfreundlichkeit ist wichtig bei einem bestehenden Klimawandel und um diesen entgegen zu wirken. Energieeffizienz spielt damit ebenso rein einen geringen CO2 - Fußabdruck zu ermöglichen.","Reliability is of great importance, as the material system should also function, environmental friendliness is important in an existing climate change and to counteract this. Energy efficiency thus also plays a role in enabling a low CO2 footprint.",Positive,0.9346
76,77,37d1382b9e68030b0b90903082411350e7d077c490a118494dc0e61e34ce5a22,umweltfreundlich \ zuverlässig \ Energie speichernd,"Durch die Zuverlässigkeit entfällt die Notwendigkeit, solche Systeme ständig auszutauschen, was Geld und Zeit spart. Energiesparen trägt zu einem geringeren Energieverbrauch bei. Schließlich trägt ein umweltfreundliches System dazu bei, die Auswirkungen der globalen Erwärmung zu verringern.","Due to reliability, there is no need to constantly replace such systems, saving money and time. Energy saving contributes to lower energy consumption. Finally, an environmentally friendly system helps to reduce the effects of global warming.",Positive,0.7351
77,78,7dd942c65e49c45b4d713835bc6a59acc8bb83d2bea7ba2893106ee8bf4d3f75,intelligent \ nachhaltig \ Energie generierend,"In Bezug auf neue Materialien ist der wichtigste Punkt sicherlich, dass sie keine wertvollen Rohstoffe verbrauchen, sondern eher neue Kapazitäten schaffen. Die gewählten Begriffe decken das für mich ab","In terms of new materials, the most important point is certainly that they do not consume valuable raw materials, but rather create new capacities. The chosen terms cover this for me",Positive,0.4801
78,79,7d2d5341ecc2a303b3a6fa14b1219fdabbc5d12288cca59ec03ab00f6d23c1ca,selbstheilend \ technologisch \ umweltschädlich,"Umweltschädlich, da man es heutzutage nicht mehr vertreten kann die Umwelt zu schädigen. Selbstheilend, da somit viele Jobs in Gefahr sind, die auf Reperatur spezialisiert sind. Technologisch, da es schwierig ist alles von der Technlogie abnehmen zu lassen","Harmful to the environment, since nowadays it is no longer justifiable to harm the environment. Self-healing, as many jobs specialized in repair are at risk. Technological, since it is difficult to let everything be taken over by technology",Negative,-0.8519
79,80,50f4fec26890776d815e46fcbc1e2fac4233be43813a85713a805a2da2c5d9a3,energieeffizient \ zuverlässig \ nachhaltig,"Wenn wir schon in neue Materialsysteme investieren und versuchen diese den Menschen näher zu bringen, dann müssten diese mindestens diese Eigenschaften haben, um bestehende Materialsysteme zu ersetzen (und die Folge von dieser Veränderung, wie z.B. Arbeitsplätze fallen weg)","If we are already investing in new material systems and trying to bring these closer to people, then they must at least have these properties to replace existing material systems (and the consequence of this change, such as jobs being lost)",Negative,-0.3182
80,81,f13f6d183887414721211f8113d3ef142de2569d16399204ac7ba2224f229fe1,aktive Verhaltensänderung durch Umwelteinwirkung \ autonom \ intelligent,solche eigenschaften deuten auf KI,such characteristics indicate AI,Neutral,0.0
81,82,2c4c739518f05ea8b3091b6beb87b458cd595d2d66c5f249ae22b028baa70319,bioinspiriert \ ökologisch \ umweltfreundlich,"Bioinspiriert gilt als ethisch da natürlich vorkommende Prinzipien nutzt welche in unserer Gesellschaft für Nachhaltigkeit und Umweltrespekt steht. Ähnlich auch bei ökologisch und umweltfreundlich, denn diese schützen die Umwelt und fördern die nachhaltige Ressourcennutzung im Einklang mit den allgemein geltenden Gesellschaftswerten.","Bio-inspired is considered ethical because it uses naturally occurring principles which stand for sustainability and respect for the environment in our society. Similarly with ecological and environmentally friendly, as these protect the environment and promote sustainable resource use in harmony with generally accepted societal values.",Positive,0.9652
82,83,3b8acdafe0722fe66954bb93ac272e345af6d04bb6c47577b5a4aaf3a5fa654f,ökologisch \ umweltfreundlich \ nachhaltig,"Man sollte ethisch korrekt handeln, auch bei der Suche nach neuen Materialsystemen. Daher würde ich umweltfreundlich, nachhaltig und ökologisch aussuchen.","One should act ethically correctly, even when searching for new material systems. Therefore, I would choose environmentally friendly, sustainable, and ecological.",Positive,0.4939
83,84,2260aed05bb80a0352bb24ae8abb58e330497ed8e9e26d5905cef30dc6a83e83,energieautonom \ nachhaltig \ langlebig,"Langlebigkeit gegen Ressourcenverschwendung, Nachhaltigkeit für den Planteten, energieautonom gegen Energiekrise","Durability against resource wastage, sustainability for the planet, energy autonomy against the energy crisis",Negative,-0.2263
84,85,0e13801f3d4ac4e797e26ec33a8103bc87ea30d5b12b93e05b787e4d514b039b,ökologisch \ energieeffizient \ umweltfreundlich,Begriffe die ausschliesslich gut sind wurden ausgewaehlt.,Terms that are exclusively good have been chosen.,Positive,0.4404
85,86,b65d711b987813e62ec0be653288efbae36a358ae99c85a1b517912650a6bb9e,ökologisch \ nachhaltig \ umweltschädlich,"ökologisch und nachhaltig thematisisieren generationengerechtigkeit, respekt vor der Natur ein bewusster Umgang mit Ressourcen. Im Falle von umweltschädlich ist es das genaue Gegenteil.","ecological and sustainable thematize generational justice, respect for nature, and a conscious use of resources. In the case of environmentally harmful, it is the exact opposite.",Positive,0.7579
86,87,38d1a3a108aefd5ec042417176ba4856541d9a7ba5f6e839f3e1c8593048a69f,energieeffizient \ widerstandsfähig \ Energie speichernd,dies sollte schon dabei sein wenn es um das thema geht und es effektiv ist,this should already be included when it comes to the topic and it is effective,Positive,0.4767
87,88,08dfeba8af423f7d590760dce8e3e1eaa135dc35fdb55ec3083a10d9ecf759ba,ökologisch \ energieeffizient \ lebensähnlich,"Ich finde, dass die oben genannten Auswahlen ethisch relevant sind.",I find that the choices mentioned above are ethically relevant.,Neutral,0.0
88,89,6ae809ed5e18e3563e5f9860b3ba0513243d010e3db924f6b44bcbe896f8bf44,ökologisch \ umweltfreundlich \ nachhaltig,"Sind halt keine Begriffe, die ethisch irgendwie negativ sind",Are just no terms that are ethically somehow negative,Negative,-0.7096
89,90,3a565350fc3358d774ccb88817d50c80cfa491f25a7284c2c36d580d1352f1ac,ökologisch \ langlebig \ umweltschädlich,In der jetzigen Zeit dreht sich viel um Umweltschutz und deswegen sind diese Begriffe aus meiner Sicht am relevantesten,"At the present time, much revolves around environmental protection, and therefore these terms are the most relevant from my perspective",Neutral,0.0
90,91,4b5d05f440ee094e4de5486d142561d193a35fc1da63f9df8ead4265f36cd8c2,energieeffizient \ umweltfreundlich \ umweltschädlich,"Umweltschäden sind momentan ein großes Problem für die Menschheit und ein gutes Leben, neue Materialien sollten diese Probleme lösen können und gleichzeitig benötigte Funktionen erfüllen können","Environmental damage is currently a major problem for humanity and a good life, new materials should be able to solve these problems while also fulfilling required functions",Negative,-0.6361
91,92,d1ce070c41d224a6457d0f2c3e6c9343280c6397130176dc9bc0376e19ea1424,umweltfreundlich \ nachhaltig \ umweltschädlich,ethisch gesehen finde ich im Bezug auf die Materialien nur die Nachhaltigkeit wichtig,"ethically speaking, I find sustainability important in relation to materials",Positive,0.2023
92,93,6e33ba3bf1d24b0b68ff66c0ef711e4b581c7d091a4c3009fdf842ae4dbe99b4,ökologisch \ energieeffizient \ Energie speichernd,Tierexperimente und schlechte Arbeitsbedingungen.,Animal testing and poor working conditions.,Negative,-0.4767
93,94,3c25b42f306ddc8bf6ca2b2764202cdd4df97132d3cd56af3aa8e35b97d83e92,ökologisch \ Energie speichernd \ nachhaltig,Schwierig.. Größtenteils Sicht auf ökologische Aspekte die in der Folge evtl. Leben retten und damit von moralischer Relevanz sind.,Difficult.. Mostly focusing on ecological aspects that might save lives as a consequence and thus are of moral relevance.,Positive,0.1779
94,95,e99e25d5c9656b96ea14078e480e891f4410cf459271cf38ea8a9d42375b2368,umweltfreundlich \ nachhaltig \ Energie generierend,Ist doch selbsterklärend? ,Isn't it self-explanatory?,Neutral,0.0
95,96,84afd56b0e2ac74ef6ba408899cc0049d24e16f321234f5b3c2455f902180979,umweltfreundlich \ nachhaltig \ Insekten ähnlich,"Es ist eben wichtig, dass wir auf unsere Umwelt achten und den Planeten mit seinen Lebewesen schützen.",It is important that we take care of our environment and protect the planet with its living beings.,Positive,0.765
96,97,00659c82013ac81c908a9406f74048e2bf145d4dc570f25470cd3002c1cbeeab,ökologisch \ multifunktional \ langlebig,"Ethisch ist den künftigen Generationen so viel wie möglich zu hinterlassen, also sollte das Material nachhaltig sein und nicht kein Wegwerfprodukt (langlebig). Zudem wäre es doch der Menschheit am meisten geholfen, wenn man es vielseitig einsetzten könnte anstatt ein Nischenprodukt zu erfinden?","Ethically, it is most important to leave as much as possible to future generations, so the material should be sustainable and not a disposable product (durable). Moreover, wouldn't it be most helpful to humanity if it could be used versatilely instead of inventing a niche product?",Positive,0.5751
97,98,b9c965b519e29022b864c43e1506d5aebf7fbf81159aa6fb064ab228caee0646,umweltfreundlich \ nachhaltig \ langlebig,"Diese Werte werden mit einer Zukunft verknüpft, in der die Menschheit ihren aktuellen Lebensstandard durch technologische Anpassung möglichst beibehalten kann (weiter Individualverkehr, Langstreckenreisen per Schiff/Flugzeug, breite Lebensmittelauswahl etc.). Daher sind sie für mich nicht neutral, sondern moralisch aufgeladen.","These values are linked to a future in which humanity can maintain its current standard of living through technological adjustments as much as possible (continued individual traffic, long-distance travel by ship/airplane, wide food selection, etc.). Therefore, they are not neutral for me, but morally charged.",Negative,-0.09
98,99,24dd4aa055c283e6ca306b23d112f104866c05e46f9095c938edbb12eece5168,ökologisch \ zuverlässig \ nachhaltig,"Durch nachhaltige Materialien wird die Umwelt nicht belastet, was bedeutet, dass andere und wir selbst nicht unter dem Raubbau dieser Materialien leiden, wenn wir diese regelmäßig aus der Wechselwirkung der Umwelt entfernen. Das Gleiche trifft auf ökologische Materialien zu die weder den Hersteller enorm belasten und dem Kunden trotzdem ein zuverlässiges Produkt liefern.
(Kleiner Hinweis zum einleitenden Text: soweit mir bekannt empfinden die meisten Menschen beim Anblick leidender Menschen keine Abscheu sondern Mitleid und den Wunsch diesen Umstand zu beenden.)","Sustainable materials do not burden the environment, which means that others and we ourselves do not suffer from the exploitation of these materials when we regularly remove them from environmental interaction. The same applies to ecological materials that do not heavily burden the manufacturer and still deliver a reliable product to the customer.",Positive,0.7692
99,100,fed278ee625bc8fd01ada76a49f6d6072e64c5f1495a5ad8cb02715de291247b,umweltfreundlich \ langlebig \ umweltschädlich,"umweltfreundlich/umweltschaedlich stellt sicher, dass wir der Umwelt nicht noch mehr Schaden hinzufuegen in Hinblick auf kommende Generationenen.
Langlebig stellt sicher, dass nicht noch mehr Muell entsteht.",Environmentally friendly/harmful' ensures that we do not add more damage to the environment in view of future generations. 'Durable' ensures that no more waste is created.,Positive,0.674
100,101,91328f9f5448e7f932e75ba1b71caefb949fcb178687714691d3cf617e65b2a1,haltbar \ energieautonom \ wartungsfrei,"Spontan entschieden, ohne groß nachzudenken.","Decided spontaneously, without much thought.",Neutral,0.0
101,102,820e0f7071451a4b72bd3d15fec7b0677b2ec061ffc9baf831c58490b4b80947,autonom \ langlebig \ Insekten ähnlich,wie mann autonom mit ki handelt kann ethische konsequenzen haben,How one handles autonomy with AI can have ethical consequences.,Positive,0.5106
102,103,e5b50c9b9f44814678407a90a7098f4f92c71b87e9b2c35a3d118a397815dbb2,ökologisch \ umweltfreundlich \ langlebig,"Es geht darum, Verschwendung und Verschmutzung und Verletzung der Umwelt so gut es geht zu vermeiden.","It's about avoiding waste, pollution, and environmental damage as much as possible.",Negative,-0.8126
103,104,0aeb8f6481f3700a8318dd9a697e57694b8ccca8e90920d1d92d42fffc8e99ea,ökologisch \ umweltfreundlich \ nachhaltig,"Im Hinblick auf Klimawandel, Erderwärmung und unserer Verpflichtung gegenüber Natur und zukünftigen Generationen sowie unseren jetzigen Mitmenschen die relevantesten Begriffe.","In light of climate change, global warming, and our obligation towards nature and future generations as well as our current fellow humans, these are the most relevant terms.",Positive,0.4019
104,105,429d60ccbbb23de481aff12880d4e67da2f86937b9665d309ce0f8f2b0a84e11,ökologisch \ nachhaltig \ langlebig,"Der Fokus der Menschheit muss sich jetzt um Nachhaltigkeit drehen, sonst spielt alles andere bald keine Rolle mehr.","The focus of humanity must now turn to sustainability, otherwise soon nothing else will matter.",Neutral,-0.0191
105,106,5ec7e4191d01fc57d5aab30c31fb6464c5dee679a13b83d82a4ad02692b2aa86,umweltfreundlich \ nachhaltig \ langlebig,"Für mich wäre es ein enormer Fortschritt, wenn zukünftige Materialsysteme die Resourcen (und somit die Umwelt) schonen. Sie sollten außerdem langlebig sein, um unnötigen Müll zu reduzieren, sowie nachhaltig.","For me, it would be a significant advancement if future material systems conserve resources (and thus the environment). They should also be durable to reduce unnecessary waste, as well as sustainable.",Neutral,0.0258
106,107,0832ede62805cc593979fff91ccb4610db4c97287bf277bba642e47758726550,bioinspiriert \ ökologisch \ zuverlässig,ökologisch ist nachhaltig und das ist ethisch relevant für mich,Ecological is sustainable and that is ethically relevant to me.,Neutral,0.0
107,108,b2c8e8093f7168b98efba8fb4ae1f2f46232933956424bd129f3e486abd0dfbc,bioinspiriert \ multifunktional \ leicht zerstörbar,"Das Material sollte zukünftige Generationen möglichst nicht beeinträchtigen. Es sollte daher leicht zerstörbar sein. Zudem sollte das Material (ähnlich wie der schädliche Kunststoff) für möglichst viele Dinge verwendet werden können. Die Ressourcen des Planeten sind sowieso schon knapp, da muss so ein Material schlichtweg multifunktional sein und am besten auch bioinspiriert sein.","The material should not adversely affect future generations. It should therefore be easily destructible. Moreover, the material (like harmful plastics) should be usable for as many things as possible. The planet's resources are already scarce, so such a material simply must be multifunctional and ideally bio-inspired.",Positive,0.6996
108,109,ee7d68e48a679c85ba4f9c31e9c3c38e6b522cada55ead60c3544c0c2c807229,ökologisch \ energieautonom \ nachhaltig,"wenn es ökologisch ist, zestört es unsere Umwelt nicht. und moralisch gesehen, sollten wir unsere Umwelt schützen und nicht zestören. Energieautonom, weil es beduetet, dass wir nicht zu dem Land (russland) beitragen, das Kriege anfängt und Menschen tötet. Nachhaltig - ja, das geht zurück zu ökologisch","If it is ecological, it does not destroy our environment. And morally, we should protect and not destroy our environment. Energy autonomous, because it means that we do not contribute to the country (Russia) that starts wars and kills people. Sustainable - yes, that goes back to ecological.",Positive,0.6124
109,110,9d2e52d7eeb0a0ff4ea0049e4014f7c4b6b23949fa7471f9f1686f8fc0c08b1d,bioinspiriert \ ökologisch \ umweltfreundlich,"Nun, es ist ethisch relevant, dass die Materialsysteme die Umwelt wenig belasten.","Well, it is ethically relevant that the material systems have little impact on the environment.",Positive,0.2732
110,111,e8935596df27f8847e1aa08c4e0f39689a4918f387672810131f0a35d26e1a1e,ökologisch \ umweltfreundlich \ Energie speichernd,"ich glaube dass die anderen nicht ethisch relevant. ich musste etwas waehlen, und ich glaube diese passen am besten.","I believe the others are not ethically relevant. I had to choose something, and I think these fit best.",Positive,0.7717
111,112,2dc9ffb6279ec61381eb4038cf6ed91802ecd5ee5bd745a13f4ca7d60c2b6372,umweltfreundlich \ nachhaltig \ langlebig,"Die Umwelt zu schützen, ist auch unseren Lebensraum und der anderen Lebewesen zu schützen, weshalb es moralisch gesehen eine hohe Priorität hat.","Protecting the environment also means protecting our living space and that of other living beings, which is why it has a high moral priority.",Neutral,0.0
112,113,3c5615e57b990040da1533372cb301497f9e2567ef17c6cbbfbd82559d749d4b,nachhaltig \ umweltschädlich \ enthält Kunststoff,"Neue Materialien sollten nachhaltig und nicht umweltschädlich sein, damit sie keinen Lebensformen schaden können. Kunststoff ist dabei oft schädlich. ",New materials should be sustainable and not environmentally harmful so that they do not damage any life forms. Plastic is often harmful.,Positive,0.3875
113,114,bf0d117246681742d991d3e753fa1319faee2e64df37839bbc3622e2fe7ca50a,wartungsfrei \ zuverlässig \ robust,"Ich glaube fuer ein produkt um menschlich zu sein, es soll unbedingt wartungsfrei, zuverlässig und robust sein damit die Endnutzer nicht genervt ist","I believe for a product to be humane, it must definitely be maintenance-free, reliable, and robust so that the end-users are not annoyed.",Positive,0.7418
114,115,f5e031705c2756ec92f746264ed589b7b8c1c7934cd7d0854f85c6c51c32ece0,ökologisch \ umweltfreundlich \ nachhaltig,"diese drei Begriffe beziehen das Leben anderer mit ein und bedeuten diesen keinen Schaden zuzufügen, das ist für mich ethisch korrekt und am wichtigsten hier. Da nur wenn diese drei Dinge beachtet sind, das Leben andere nicht negativ beeinträchtigt wird.","These three terms involve the lives of others and mean not to cause them harm, which for me is ethically correct and most important here. Because only if these three things are considered, the lives of others are not negatively affected.",Negative,-0.2413
115,116,9a8ff86a97be8b73dc4d10f41f87efda4f11a9bc05f2b5a498b0bc5b9ba2b627,umweltfreundlich \ wartungsfrei \ langlebig,"Umweltfreundlich wegen Klimawandel, Langlebig um CO2-Kosten bei der Produktion einzusparen, wartungsfrei da Geld gespart wird","Environmentally friendly because of climate change, durable to save CO2 costs in production, maintenance-free because it saves money.",Positive,0.7506
116,117,65f50a2eeec014c7d72917d8160f145ea2f056f9b270cf556eb0cf9c18529e25,energieautonom \ umweltfreundlich \ nachhaltig,"Um weiteren Generationen eine lebenswerte Welt zu hinterlassen, ist es von großer Bedeutung, sie durch nachhaltige, umweltfreundliche Entscheidungen vor der weiteren Ausbeutung durch die moderne Zivilisation zu bewahren.","To leave a livable world for future generations, it is of great importance to protect them from further exploitation by modern civilization through sustainable, environmentally friendly decisions.",Positive,0.9042
117,118,aae365dc3a2adb6393bb2cf08beb37bfcbbfcb5e7a95040287ad534029acc313,bioinspiriert \ umweltfreundlich \ Energie generierend,"Schonend für die Umwelt, gut fürs Klima","Gentle on the environment, good for the climate.",Positive,0.7003
118,119,eac89e610c73bc28aaa5100243e050a5080170f4680ba8dc41e1fc5d11972e9f,umweltfreundlich \ nachhaltig \ langlebig,auf die Umwelt zu achten ist momentan das ethisch relevanteste was man tun kann,Paying attention to the environment is currently the most ethically relevant thing one can do.,Neutral,0.0
119,120,6f11108ca0e3eca37b196f7db62c0ac01b2d2c6bb99c0902487b0dd47cecfb88,energieautonom \ umweltfreundlich \ langlebig,"Energieautonom: Wenn energieautonom müssen keine zusätzliche Energie genutzt werden, die wo anders gebraucht wird/muss keine Energie aus umweltschädlichen Quellen genutzt werden
Umweltfreundlich: Umweltfreundlichkeit wird immer wichtiger heutzutage
Langlebig: weniger Verschwendung, Wiederverwertbarkeit","Energy autonomous: If energy autonomous, no additional energy needs to be used that is needed elsewhere/must not use energy from environmentally harmful sources.

Environmentally friendly: Environmental friendliness is becoming increasingly important today.

Durable: less waste, recyclability.",Positive,0.5947
120,121,f164edb2425a298704741aee219a08add43c61406fccce9d618920899f078cf9,bioinspiriert \ intelligent \ lebensähnlich,"Bioinspiriert: Das es möglich nah an lebendigen Wesen dran ist
Intelligent: Das es ein Bewusstsein besitzt
Lebensäsähnlich: Das man es von einem organismus nicht unterscheiden kann, obwohl es künstlich ist.","Bio-inspired: That it is as close as possible to living beings.

Intelligent: That it has a consciousness.

Life-like: That it cannot be distinguished from an organism, although it is artificial.",Positive,0.4588
121,122,68a13c7d516fe1a7cfdbdbbfe29d40714d7f446c5109665c58bf91b908388b5c,umweltfreundlich \ nachhaltig \ langlebig,"Diese Begriffe sind besonders wichtig, da sie unsere Umwelt schützen und bewahren.",These terms are especially important as they protect and preserve our environment.,Positive,0.5709
122,123,4de959f77263a0e572c1f5ea844056ca874ed50c5855f5d5c3c40605931c615f,ökologisch \ nachhaltig \ langlebig,Materielle Elemente die ökologisch und nachhaltig/langlebig sind. überdauern die zeit besser. so sammelt sich weniger müll an,"Material elements that are ecological and sustainable/durable better withstand time. Thus, less waste accumulates.",Positive,0.101
123,124,5d1aa00c35f58765a9a7d7864c9bcfc7eeae9bd81d7ef2b41dc811bc6db0eb93,energieeffizient \ umweltfreundlich \ nachhaltig,"Größtmögliche Nachhaltigkeit, um die Materialien ethisch vertretbar zu verwenden","Maximum sustainability, to use materials ethically.",Neutral,0.0
124,125,54e35a37393f07e68eb706c9868454d314d95678788aa2a1cff13e1fb17d6574,wartungsfrei \ selbstheilend \ langlebig,Technologie sollte für jeden greifbar sein und später keine Kosten hinzufügen. ,Technology should be accessible to everyone and add no later costs.,Negative,-0.296
125,126,57017f43ed271b8a50b942eb89044226eb18140873287ba5745eabae4b67b5e4,bioinspiriert \ haltbar \ ökologisch,Die Systeme sollten eben diese Eigenschaften besitzen um als ethisch geprägt zu sein. Außerdem haben die Begriffe eine bestimmte Beziehung zu einander wie bioinspiriert und ökologisch es haben.,"The systems should have these characteristics to be ethically shaped. Additionally, the terms have a certain relationship to each other like bio-inspired and ecological have.",Positive,0.5574
126,127,47797c88e1f0aa0c239c9e669f8cc1a04915e39d1ee3b3491a17d5c6c521c484,ökologisch \ energieautonom \ umweltfreundlich,In der Natur leben nicht nur wir Menschen. Wir müssen auch die Rechte anderer Lebenwesen schützen und entsprechend leben.,We humans are not the only ones living in nature. We must also protect the rights of other living beings and live accordingly.,Positive,0.3818
127,128,867d0574331dbcafd12bab8a4622604b371507627c21d9906b3d03e2184e4dd2,bioinspiriert \ lebensähnlich \ selbstheilend,"Bioinspiriert zu leben heist, im einklang mit der Natur zu leben, zu welcher wir selber gehören. Wir leben also im Einklang mit unserem unsprünglichen selbst und unseren ursprünglichen Ethischen Werte. Lebensähnlich bedeutet ähnlich wie Bioinspiriert, dass wir menschlich denken und nicht einfach nur effizient und logisch. Es ist also mehr platz für ethisches Handeln und denken. Selbstheilung ist wichtig, da wir uns selber gut behandeln indem wir uns beibringen und selber zu heilen.","To live bio-inspired means to live in harmony with nature, to which we ourselves belong. We thus live in harmony with our original self and our original ethical values. Life-like means, similar to bio-inspired, that we think humanly and not just efficiently and logically. There is thus more room for ethical action and thinking. Self-healing is important because we treat ourselves well by teaching and healing ourselves.",Positive,0.9679
128,129,64f541a8fc82e7961ff257dd3ab8f6713ed6694ae5219eeb921b0ee3f04f97d2,umweltfreundlich \ intelligent \ lebensähnlich,"Alles lebende und intelligente benötigt Ethik.
Bei der Wahl von Materialien sollte die Ethik beachtet werden woher die Materialien stammen und wie sie gewonnen wurden.","Everything living and intelligent needs ethics.

In choosing materials, the ethics of where the materials come from and how they are obtained should be considered.",Positive,0.4588
129,130,c78ecd7ecebd66ada5f5d985131b457db096ce6b10e9f265d2cd0557c28abcf8,energieeffizient \ umweltfreundlich \ nachhaltig,Systeme sollten die Umwelt und die Menschen darin nicht negativ beeinflussen. Nachhaltigkeit (z.B. Langlebigkeit) ist für dieses Ziel fundamental.,"Systems should not negatively affect the environment and the people within it. Sustainability (e.g., durability) is fundamental to this goal.",Neutral,0.0
130,131,8ae325caf62dc66c9aa3c1df40a7fc817a2fc3ef852963467cd8b16b83becf15,haltbar \ umweltfreundlich \ langlebig,"Es sollte nicht der Umwelt schaden. Wenn es in unserem Land giftig ist, könnte es auch in andere Länder gelangen und diese schmeißen es dann ins Trinkwasser und werden krank. Diese sollten es auch nicht unter schlechten Bedingungen herstellen. Deswegen muss es haltbar und langlebig sein, damit wir es nicht wegwerfen und umweltfreundlich, falls es doch weggeworfen wird","It should not harm the environment. If it is toxic in our country, it could also reach other countries and they throw it into the drinking water and get sick. These should also not be produced under poor conditions. That's why it must be durable and long-lasting, so we don't throw it away and environmentally friendly, in case it is thrown away.",Negative,-0.0644
131,132,525851d653c80f6fa126e5e7378f50518de7521dcb9ed2bc8446a74e67efbbb8,autonom \ nachhaltig \ Energie generierend,"Für mich sind die Aspekte wichtig
","For me, these aspects are important.",Positive,0.2023
132,133,4fde83544ec17403a4b15394eb4cb05aee03e503f0b5e626205f27eb1dc63895,intelligent \ lebensähnlich \ Insekten ähnlich,"Technologien erscheinen mir moralisch nicht relevant. Moral ist allein abhängig von den Menschen, die diese Technologien benutzen. Dementsprechend kann ich nur Begriffe mit Moral verbinden, die Menschen und Lebewesen ähnlich sind.","Technologies do not seem morally relevant to me. Morality depends solely on the people who use these technologies. Accordingly, I can only connect terms with morality that are similar to humans and living beings.",Neutral,0.0
133,134,c42cedf822e58503eb4e5572819cf252b4345811845c74e99a3f59dc7e47914d,umweltfreundlich \ nachhaltig \ Energie generierend,"Die Begriffe helfen, dass die Menschen und Tiere und Umwelt weniger geschädigt werden, das heißt wenn man diese Materialisysteme nutzt, tut man allen etwas gutes","The terms help ensure that people, animals, and the environment are less harmed, meaning if these material systems are used, it benefits everyone.",Positive,0.624
134,135,cb80de62cfbbfe1dc0facad7a2fc5ae840123424a80081d12f5c0da507fe5351,ökologisch \ umweltfreundlich \ nachhaltig,"Diese Begriffe sagen aus, dass man der Umwelt NICHT schadet.",These terms state that one does NOT harm the environment.,Positive,0.431
135,136,4eafc8833edd3d7dc6f13a847250ddeaba67cefbc5cad296219e94ce6c567103,umweltfreundlich \ nachhaltig \ enthält Kunststoff,"Es ist wichtig und in der heutigen Zeit sehr relevant, dass ein neues Materialsystem die Umwelt nicht allzu sehr belastet bzw. schädigt, dass die Beschaffung und der Neuanbau der Materialien nachhaltig und zukunftsfähig ist. Zudem ist es sehr wichtig , neue Materialien nicht mit noch mehr Kunststoffen zu verbinden, da diese ohnehin bereits für viel Vermüllung, Umweltschäden und Artenterben verantwortlich sind.","It is important and very relevant today that a new material system does not overly burden or damage the environment, that the procurement and new cultivation of materials are sustainable and future-proof. Moreover, it is very important not to combine new materials with even more plastics, as these are already responsible for a lot of littering, environmental damage, and species extinction.",Positive,0.0513
136,137,3310d6bf072f04fd72aa6d7509e08f20110575e7ea3ab391a8818ca7e45e3524,autonom \ ökologisch \ elektronikfrei,"In der heutigen Welt ist es sehr wichtig, diese drei sozialen Bedingungen und Werte zu vertreten.","In today's world, it is very important to represent these three social conditions and values.",Positive,0.5849
137,138,539ae13b342b0c97e26edd36210c07ca763e48c74a4fbb31dd911d8b623c8213,umweltfreundlich \ zuverlässig \ nachhaltig,"Es sind Begriffe, die in den Bereich der Zukunft für folgende Generationen reinreichen. Es ist wichtig, nachhaltig und umweltfreundliche Materialien zu verwenden, damit diese für kommende Generationen erhalten bleiben",These are terms that reach into the future for subsequent generations. It is important to use sustainable and environmentally friendly materials so that they are preserved for coming generations.,Positive,0.6249
138,139,d3947822c87d3727f14bd46e21ed8dc9c3ffac9f05341c31c81ce7f9236fa842,ökologisch \ wartungsfrei \ zuverlässig,"ein Produkt ist nur dann ethisch, wenn es für das Geld umweltfreundlich und zuverlässig ist, um den Menschen die beste Erfahrung zu geben ","A product is only ethical if it is environmentally friendly and reliable for the money, to give people the best experience.",Positive,0.8934
139,140,4784f68d0fd0c24f43a1e0e4e8f123f8bccfb5d4e27128e6a831b3944ec2131c,ökologisch \ umweltfreundlich \ nachhaltig,Das sind Themen die die Menschen bewegen und gerade politisch vor viele Debatten stellen.,These are issues that move people and currently pose many political debates.,Neutral,0.0
140,141,3451efad61618fed5f4b4a70bd2be6e1fa2df838f8988c87f81bd9eb5a828a47,umweltfreundlich \ nachhaltig \ umweltschädlich,"Gerade in der Industrie ist es momentan von Relevanz, zukunftsorientiert zu handeln und damit menschliches Leben auf diesem Planeten nicht zu gefährden","Especially in the industry, it is currently relevant to act future-oriented and thus not to endanger human life on this planet.",Neutral,0.0
141,142,858b958a264345f6b16dbbdb999e71471af4deaaac46e33574ea270cb4fbb8f3,ökologisch \ umweltfreundlich \ selbstheilend,Okologisch handeln ist eine morele Pflicht. ,Acting ecologically is a moral duty.,Neutral,0.0
142,143,3422fdfe674806098d782d563c9ea76a5b2dc1b0e2ffd07319417d74e2e95fdb,ökologisch \ umweltfreundlich \ intelligent,Diese Begriffe bringe ich mit zukunftssicheren Technologien und einem besseren Leben für die nächsten Generationen in Verbindung,I associate these terms with future-proof technologies and a better life for the next generations.,Positive,0.4404
143,144,6972c82594dd60ab95f9b842f120397395124a685ddd61607e78c8cb624b8cc0,umweltfreundlich \ zuverlässig \ nachhaltig,"Neue Materialsysteme müssen umweltfreundlich und nachhaltig produziert und eingesetzt werden, um Klimaziele zu erreichen und somit katastrophale Naturereignisse zu verhindern oder in ihrer Intensivität abzuschwächen. Zuverlässig müssen die Materialsysteme funktionieren um unnötige Wartungskosten und zusätzliche Materialien zu vermeiden und das Allgemeinwohl nicht zu beeinträchtigen.
","New material systems must be produced and used sustainably and environmentally friendly to achieve climate goals and thus prevent or mitigate catastrophic natural events. Reliable, the material systems must function to avoid unnecessary maintenance costs and additional materials and not impair the general welfare.

",Positive,0.1027
144,145,f0d3e18bb660b0023029a2509315417eef7c3e338a873d617aa2eac34aa9a4ea,energieeffizient \ umweltfreundlich \ lebensähnlich,weil durch diese Eigenschaften am wenigsten Harm zugefügt wird,because these characteristics cause the least harm.,Positive,0.431
145,146,f393fe31ee11f6aefb6810d644af45542c2bb78e6daf16d17a47bea6ec08ec04,autonom \ umweltfreundlich \ langlebig,"umweltfreundlich, damit folgende Generationen nicht unter den Folgen leiden
autonom, damit jeder das Materialsystem nutzen kann, egal wo er lebt
langlebig, damit man nicht gezwungen ist ständig das Materialsystem neu anschaffen zu müssen","environmentally friendly, so that future generations do not suffer from the consequences

autonomous, so that everyone can use the material system, no matter where they live

durable, so that one is not forced to constantly purchase the material system anew",Positive,0.8154
146,147,1132aad03f91e49be44a449434f578deda358f810aacd019173cbfb160da393a,umweltfreundlich \ passive Formänderung durch Umwelteinwirkung \ leicht zerstörbar,Holz  kann durch das Umwelt verändert werden,Wood can be altered by the environment.,Neutral,0.0
147,148,5b99fab71175b5f3cad56e7fbbea31aa83ed283dfaec64183c72edae42e22ca0,energieeffizient \ umweltfreundlich \ nachhaltig,"Ich denke, dass im Zuge des Klimawandels die Begriffe mit dem Oberbegriff Nachhaltigkeit am wichtigsten sind, um gegenüber der Nachwelt verantwortungsvoll zu handeln","I think that in the face of climate change, the terms under the umbrella term sustainability are most important for acting responsibly towards posterity.",Positive,0.2716
148,149,dc9afc272fe248ccefe0d26713533bd082e3376ceaa125e6db98b2dc9be6a0a5,umweltfreundlich \ zuverlässig \ langlebig,Meiner Meinung nach wichtig für unsere Zukunft. Schonung der Ressourcen und Sicherung unserer Lebensgrundlage.,"In my opinion, important for our future. Conservation of resources and securing our livelihood.",Positive,0.5994
149,150,feabe9dc6b2b6d1d6f07345691701e9f331b0a49ab0aca2467dbbbf7bc0632b2,ökologisch \ zuverlässig \ nachhaltig,Im Kontext neuer Materialien ist gerade unsere Verantwortung gegenüber unseres Planeten und der Natur ethisch wichtig.,"In the context of new materials, our responsibility towards our planet and nature is ethically important.",Positive,0.2023
150,151,62906a44f88510f192311ac09a5384eead62847b30eb0f20ecec72843edff026,energieeffizient \ umweltfreundlich \ nachhaltig,Die einzige Möglichkeit zukünftigen Generationen die gleichen Lebensbedingungen zu ermöglichen besteht darin Materialen mit diese Eigenschaften zu schaffen,The only way to enable future generations the same living conditions is to create materials with these characteristics.,Positive,0.2732
151,152,dde941419c8d52761955ae05e121052e7990402cd39a3364fa90ad093c7a3eaf,umweltfreundlich \ nachhaltig \ langlebig,"Ich denke zurzeit sind die Themen Nachhaltigkeit und Klimaschutz von sehr großer Bedeutung, vorallem was den Konsum und die Industrie angeht. Die Menschen lassen sich aufjedenfall davon beeinflussen und ändern dementsprechend ihr Konsumverhalten bewusst.","I think currently the issues of sustainability and climate protection are very significant, especially regarding consumption and industry. People are definitely influenced by this and consciously change their consumption behavior accordingly.",Positive,0.5849
152,153,abfe1824a4b766aab6f46eaa16117199bc4d3b9592eef95c7484ebe111c9ae0c,ökologisch \ umweltfreundlich \ nachhaltig,"Als Menschen sollten wir alle schauen, dass wir den Planeten so gut wie möglich behandeln, da es nur eine Erde gibt. ","As humans, we should all ensure that we treat the planet as well as possible since there is only one Earth.",Positive,0.7506
153,154,573c348ab3bbafb95b8e097103cbff300765b234c9d23f55617eab885e5d7edc,lebensähnlich \ umweltschädlich \ Insekten ähnlich,"lebensähnlich stehe ich im Zusammenhang mit nicht menschlichen Dingen/Systemen kritisch gegenüber / umweltschädlich sollte per se eine Neuentwicklung von Systemen/Materialen/u.Ä nicht sein / Insekten-ähnlich vermittelt Bilder im Kopf von Dingen, die sich wie Insekten verhalten und das kann man schlecht zuordnen","Life-like I am critical of in connection with non-human things/systems / environmentally harmful should not be a new development of systems/materials, etc. / Insect-like conveys images in the mind of things that behave like insects and that can be difficult to categorize.",Negative,-0.3182
154,155,5a98c287c1c2c3f228c6012b929a4ac34d815b0fa816d2571bbebbcb4bb2d068,ökologisch \ energieeffizient \ umweltfreundlich,"Im Angesicht der Klimakrise und des dramatischen Artensterbens ist es nicht mehr angebracht, Materialien zu verwenden, die diese Eigenschaften nicht in primärer Form berücksichtigen.","In the face of the climate crisis and dramatic species extinction, it is no longer appropriate to use materials that do not primarily consider these characteristics.",Negative,-0.743
155,156,bac5bcc4b2904e6aceebfe314c617a5fd1c86b84757c771024c598a9555ed355,ökologisch \ umweltfreundlich \ nachhaltig,Ethisch am ehesten das stärkste Gefühl. Eine intakte Nachwelt zu hinterlassen ist für mich wichtig. ,"Ethically, the strongest feeling. Leaving an intact world for posterity is important to me.",Positive,0.7184
156,157,dc973f1c67a2a638b873c6dd25671597f198a632d98819f107ef88a0d1a5dd4c,ökologisch \ umweltfreundlich \ nachhaltig,"Aus ethischer Sicht ist es wichtig, die Umwelt zu schützen und nachhaltig zu produzieren.","From an ethical perspective, it is important to protect the environment and produce sustainably.",Positive,0.7717
157,158,e5080b1c66895960a9c575826766c49e0c2f4f0e5124ef5abee479baa371222e,umweltfreundlich \ langlebig \ umweltschädlich,"Das langfristig wichtigste Thema ist die Klimakatastrophe, welche indirekt fast alle anderen ethisch relevanten Begriffe beeinflusst oder dominiert.  ","The most important long-term issue is the climate catastrophe, which indirectly influences or dominates almost all other ethically relevant terms.",Negative,-0.4779
158,159,9fa65d5edc8bc66d2f4dde8997a82dc07e2a9206710578813b6c6efb3be56c16,haltbar \ energieeffizient \ umweltfreundlich,"Das erscheinen mir Kriterien zu sein, die in der heutigen Welt wichtig sind, gerade umweltfreundlich, in dem Sinne, dass keine Schadstoffe entstehen, verbreitet werden und hinterlassen werden. Haltbarkeit ganz wichtig, um Müll zu reduzieren. Energieeffizienz ist in Anbetracht Klimawandel unbedingt notwendig.","These appear to be criteria that are important in today's world, specifically environmentally friendly, in the sense that no pollutants are created, spread, and left behind. Durability is very important to reduce waste. Energy efficiency is absolutely necessary in light of climate change.",Positive,0.7713
159,160,ee0e4e8cc91deaf69de9decc64bc13f20a512da7813be3692a118f92335a873a,umweltfreundlich \ Energie speichernd \ nachhaltig,"Alles positive Dinge, die der Gesellschaft auf lange Sicht helfen würden.",All positive things that would help society in the long run.,Positive,0.743
160,161,a9f7e796b20755003786bccf5bcf1f1b8a0ac22dbaebba6e00fa9d1e521dc536,ökologisch \ umweltfreundlich \ zuverlässig,"ökologisch, umweltfreundlich und zuverlässig zu sein sind ethisch relevant weil es im Bezug auf menschliche Handlungsnormen positive Eigenschaften sind. ","Being ecological, environmentally friendly, and reliable are ethically relevant because they are positive characteristics in terms of human norms of action.",Positive,0.7783
161,162,ce6ee549efefb217ca24c4a6d84d3503cfcb4ec4c21a08187348fbc2c3dea54d,haltbar \ nachhaltig \ langlebig,Längere Halt- und Langlebigkeit senkt den Bedarf an Rohstoffen. Dessen nachhaltiger Abbau sorgt für einen geschlossen Kreislauf und beutet so nicht die Ressourcen des Planenten aus.,Greater durability and longevity reduce the need for raw materials. Its sustainable extraction ensures a closed cycle and thus does not exploit the planet's resources.,Positive,0.4207
162,163,859a2815dad760a329c16c1f872be34e27d9abc0348cbdf638b70ffcdd4f773e,energieeffizient \ umweltfreundlich \ nachhaltig,Diese Begriffe fassen für mich den potentiell kleinstmöglichen negativen Einfluss zusammen.,These terms encompass for me the potentially smallest possible negative impact.,Negative,-0.5719
163,164,a59c8e7c0d53990045c9b1b11a2a444ac098d906eb7f6f5bdead889651edad83,haltbar \ energieeffizient \ umweltfreundlich,Im Zuge der Umweltverschmutzung sollte die Produktion effizient sein und möglichst lange halten.,"In the context of environmental pollution, production should be efficient and last as long as possible.",Positive,0.4215
164,165,ea4f6e0a9ec9312a198f08b657857591db78006a95a6edcce12d7616f646b5dc,umweltfreundlich \ intelligent \ multifunktional,Ich glaube meine Wähle ist relevantesten.,I believe my choices are the most relevant.,Neutral,0.0
165,166,0c7894b16a8fea4c1ab9134c3389cb65105aac2b92a0db299989dca00d38925e,haltbar \ nachhaltig \ umweltschädlich,"in einer Welt, der viel mehr Technologien benutzt und sich ständig entwickelt, sollte nicht vergessen werden, dass auch die Umwelt wichtig ist, und dass es nichts bringt Produkte herzustellen nur wenn das schnell geht, sondern gute Produkte, die haltbar sein werden, langlebig und umweltfreundlich","In a world that uses much more technology and is constantly developing, it should not be forgotten that the environment is also important, and that it is pointless to produce products only if it is done quickly, rather than good products that will be durable, long-lasting, and environmentally friendly.",Positive,0.8208
166,167,d796ba796f85c3e19f3f6bdb7b73b4ec8d007150a1293a267396272ee4dbfedb,aktive Formänderung durch Umwelteinwirkung \ lebensähnlich \ Insekten ähnlich,"es wirkt unruhig, wenn ein material sich an Lebenwesen ähnen",It feels uneasy when a material resembles living beings.,Negative,-0.3818
167,168,1a4c2a40eb7aaaaf3520190cf5a37a1dd81de12b344f8930cc4860d7bde9d059,bioinspiriert \ intelligent \ lebensähnlich,etwas mit kunstliche Intelligenz zu tun.,Something to do with artificial intelligence.,Positive,0.4767
168,169,e38982cdd603055bd93838fb6fb14d100b2785b98799defa23c46e68917ae3f0,aktive Verhaltensänderung durch Umwelteinwirkung \ lebensähnlich \ reaktionsfähig,They look like the most important and fitting definitions of ethical,They look like the most important and fitting definitions of ethical,Positive,0.7841
